{
  "edge": [
    1680.3788422671983,
    2235.5592846851746,
    2.0
  ],
  "freq": [
    0.2591113746166229,
    0.10392627865076065,
    2.0
  ],
  "gray": [
    171.83991801377164,
    35.054748690389204,
    2.0
  ]
}