model,all_table_keys,meta_values,tn,fp,fn,tp,accuracy,precision,recall,f1
RFC,True,True,617,13,4,626,0.9865079365079366,0.9796557120500783,0.9936507936507937,0.9866036249014972
RFC,False,True,619,11,5,625,0.9873015873015873,0.9827044025157232,0.9920634920634921,0.9873617693522907
LR,True,False,616,14,6,624,0.9841269841269841,0.9780564263322884,0.9904761904761905,0.9842271293375394
LR,False,False,616,14,7,623,0.9833333333333333,0.978021978021978,0.9888888888888889,0.9834254143646409
