model,all_table_keys,meta_values,tn,fp,fn,tp,accuracy,precision,recall,f1
RFC,True,True,646,254,92,808,0.8077777777777778,0.7608286252354048,0.8977777777777778,0.8236493374108053
RFC,False,True,637,263,90,810,0.8038888888888889,0.7548928238583411,0.9,0.8210846426761277
LR,True,False,679,221,124,776,0.8083333333333333,0.7783350050150452,0.8622222222222222,0.8181338956246705
LR,False,False,679,221,126,774,0.8072222222222222,0.7778894472361809,0.86,0.8168865435356201
