model,all_table_keys,meta_values,tn,fp,fn,tp,accuracy,precision,recall,f1
GBC,True,True,594,36,16,614,0.9587301587301588,0.9446153846153846,0.9746031746031746,0.959375
RFC,False,True,585,45,17,613,0.9507936507936507,0.9316109422492401,0.973015873015873,0.9518633540372671
RFC,True,False,593,37,18,612,0.9563492063492064,0.9429892141756548,0.9714285714285714,0.9569976544175137
RFC,False,False,585,45,18,612,0.95,0.9315068493150684,0.9714285714285714,0.951048951048951
