model,all_table_keys,meta_values,tn,fp,fn,tp,accuracy,precision,recall,f1
GBC,True,True,736,164,128,772,0.8377777777777777,0.8247863247863247,0.8577777777777778,0.840958605664488
RFC,False,True,745,155,116,784,0.8494444444444444,0.8349307774227902,0.8711111111111111,0.8526373028820011
RFC,True,False,679,221,116,784,0.8127777777777778,0.7800995024875622,0.8711111111111111,0.8230971128608924
RFC,False,False,715,185,110,790,0.8361111111111111,0.8102564102564103,0.8777777777777778,0.8426666666666667
