Modell,TestVariante,Accuracy,Precision,Recall,F1-Score,ROC-AUC,TP,TN,FP,FN,Avg-Time/Bild (s),GPU_Belegt_MB,GPU_Reserviert_MB,Size_MB,Params
densenet121,known_test_dir,0.9361,0.9559,0.9144,0.9347,0.9847,823,862,38,77,0.001193,39.68,110.00,27.13,6955906
densenet121,unknown_test_dir,0.7306,0.6803,0.8700,0.7635,0.7981,783,532,368,117,0.000257,39.68,538.00,27.13,6955906
densenet121,known_test_jpeg_dir,0.8628,0.8124,0.9433,0.8730,0.9510,849,704,196,51,0.000266,39.68,538.00,27.13,6955906
densenet121,unknown_test_jpeg_dir,0.5978,0.5607,0.9033,0.6919,0.6513,813,263,637,87,0.000256,39.68,538.00,27.13,6955906
densenet121,known_test_noisy_dir,0.5850,0.9527,0.1789,0.3012,0.8167,161,892,8,739,0.000258,39.68,538.00,27.13,6955906
densenet121,unknown_test_noisy_dir,0.5456,0.6120,0.2489,0.3539,0.5802,224,758,142,676,0.000254,39.68,538.00,27.13,6955906
densenet121,known_test_scaled_dir,0.8939,0.8636,0.9356,0.8981,0.9640,842,767,133,58,0.000258,39.68,538.00,27.13,6955906
densenet121,unknown_test_scaled_dir,0.6306,0.5865,0.8856,0.7056,0.6952,797,338,562,103,0.000256,39.68,538.00,27.13,6955906
