Modell,TestVariante,Accuracy,Precision,Recall,F1-Score,ROC-AUC,TP,TN,FP,FN,Avg-Time/Bild (s),GPU_Belegt_MB,GPU_Reserviert_MB,Size_MB,Params
mobilenetv2_100,known_test_dir,0.9189,0.9098,0.9300,0.9198,0.9753,837,817,83,63,0.000331,21.42,90.00,8.73,2226434
mobilenetv2_100,unknown_test_dir,0.7100,0.6502,0.9089,0.7581,0.7614,818,460,440,82,0.000097,21.42,538.00,8.73,2226434
mobilenetv2_100,known_test_jpeg_dir,0.7261,0.6513,0.9733,0.7804,0.9059,876,431,469,24,0.000093,21.42,538.00,8.73,2226434
mobilenetv2_100,unknown_test_jpeg_dir,0.5478,0.5259,0.9689,0.6818,0.6919,872,114,786,28,0.000094,21.42,538.00,8.73,2226434
mobilenetv2_100,known_test_noisy_dir,0.6983,0.8650,0.4700,0.6091,0.8334,423,834,66,477,0.000093,21.42,538.00,8.73,2226434
mobilenetv2_100,unknown_test_noisy_dir,0.6211,0.6342,0.5722,0.6016,0.6677,515,603,297,385,0.000096,21.42,538.00,8.73,2226434
mobilenetv2_100,known_test_scaled_dir,0.8294,0.7683,0.9433,0.8469,0.9412,849,644,256,51,0.000094,21.42,538.00,8.73,2226434
mobilenetv2_100,unknown_test_scaled_dir,0.5950,0.5567,0.9322,0.6971,0.6912,839,232,668,61,0.000097,21.42,538.00,8.73,2226434
