Modell,TestVariante,Accuracy,Precision,Recall,F1-Score,ROC-AUC,TP,TN,FP,FN,Avg-Time/Bild (s),GPU_Belegt_MB,GPU_Reserviert_MB,Size_MB,Params
resnet50d,known_test_dir,0.9661,0.9615,0.9711,0.9663,0.9930,874,865,35,26,0.000841,103.73,178.00,90.08,23531362
resnet50d,unknown_test_dir,0.7450,0.6873,0.8989,0.7790,0.8406,809,532,368,91,0.000116,104.73,522.00,90.08,23531362
resnet50d,known_test_jpeg_dir,0.7606,0.6781,0.9922,0.8056,0.9430,893,476,424,7,0.000114,104.73,522.00,90.08,23531362
resnet50d,unknown_test_jpeg_dir,0.5533,0.5299,0.9467,0.6794,0.5772,852,144,756,48,0.000116,104.73,522.00,90.08,23531362
resnet50d,known_test_noisy_dir,0.6444,0.9643,0.3000,0.4576,0.8299,270,890,10,630,0.000112,104.73,522.00,90.08,23531362
resnet50d,unknown_test_noisy_dir,0.6022,0.7063,0.3500,0.4681,0.6808,315,769,131,585,0.000116,104.73,522.00,90.08,23531362
resnet50d,known_test_scaled_dir,0.8950,0.8376,0.9800,0.9032,0.9753,882,729,171,18,0.000115,104.73,522.00,90.08,23531362
resnet50d,unknown_test_scaled_dir,0.6044,0.5648,0.9100,0.6970,0.6615,819,269,631,81,0.000112,104.73,522.00,90.08,23531362
